MeanKLBefore,IRLRewardMin,Entropy,IRLRewardMean,Perplexity,LossAfter,MinReturn,AverageDiscountedReturn,OriginalTaskAverageReturn,MaxReturn,LossBefore,PolicyExecTime,AveragePolicyStd,ExplainedVariance,ItrTime,AverageReturn,IRLRewardMax,NumTrajs,dLoss,Iteration,StdReturn,MeanKL,IRLLoss,ProcessExecTime,Time,EnvExecTime
0.0,-3.1555216,1.4189383,-1.6129153,4.1327305,-0.00587067985907197,-219.8290689587593,-99.51232954796205,-677.976964439724,-81.26185169816017,-5.2452087118126656e-09,0.05893731117248535,1.0,5.863420859952839e-12,1.1278393268585205,-161.29153015911578,-0.25870362,10,0.005870674613863258,0,61.28770041152036,0.0054513257928192616,0.5367102,0.007589817047119141,1.1278350353240967,0.034813880920410156
0.0,-3.8358424,1.4196433,-1.8521008,4.135645,-0.011321390978991985,-223.9564372599125,-113.30723090429008,-680.1832161625438,-117.58514702320099,2.3603439203156995e-08,0.043202877044677734,1.000705,0.8926419591621916,0.18704891204833984,-185.21007432490586,-0.13433553,10,0.011321414582431188,1,39.37163625363961,0.006426387466490269,0.41522247,0.005964040756225586,1.3193461894989014,0.035120487213134766
0.0,-4.194786,1.4213448,-1.9341741,4.142688,-0.022443877533078194,-259.6254503428936,-115.22646569621129,-627.2760139180969,-131.93922573328018,-1.7285346487483366e-08,0.050195932388305664,1.0024091,0.8517012461404638,0.2234342098236084,-193.41739995703102,-0.11531569,10,0.022443860247731706,2,44.898125541118205,0.009323379956185818,0.37336013,0.007254362106323242,1.5496060848236084,0.04797029495239258
0.0,-3.8670387,1.4356067,-1.7437202,4.2021937,-0.00985078513622284,-230.2622651308775,-106.3762868002782,-620.5857159607577,-130.14529791474342,-3.3378602104505717e-09,0.052225351333618164,1.0168077,0.8993719247362518,0.2355349063873291,-174.3720284216106,-0.083375044,10,0.009850781798362629,3,32.02613372279215,0.0070244325324893,0.40430433,0.007622480392456055,1.7933151721954346,0.047547340393066406
0.0,-4.567018,1.4489497,-2.0307496,4.2586393,-0.014437340199947357,-252.2717534005642,-122.207877740606,-585.9679963966672,-103.97150346636772,-8.344650526126429e-10,0.051778316497802734,1.0304661,0.7738427841321468,0.24345731735229492,-203.07496019899844,-0.050519563,10,0.014437339365482305,4,53.25830597666808,0.008899528533220291,0.34545177,0.007991790771484375,2.0478265285491943,0.052269697189331055
0.0,-4.393937,1.4519236,-1.7885853,4.271323,-0.021716060116887093,-218.3310725092888,-112.97469027358264,-594.5083251577023,-143.64992052316666,1.907348723406699e-09,0.05183839797973633,1.0335351,0.41724284337401496,0.23595023155212402,-178.85853292047977,-0.070016146,10,0.021716062024235816,5,22.99176942394136,0.009013230912387371,0.35887626,0.007651329040527344,2.292241334915161,0.04754829406738281
0.0,-4.239684,1.4707258,-1.867977,4.3523927,-0.015415828675031662,-251.38224877417088,-116.04387806482528,-534.9355670164877,-153.49505764245987,1.4066696252257316e-08,0.05349469184875488,1.0531518,0.824608616620589,0.22917413711547852,-186.7976987823844,-0.04322274,10,0.015415842741727914,6,36.22101785013316,0.008596295490860939,0.3655246,0.007637500762939453,2.531311511993408,0.05008578300476074
0.0,-3.5610425,1.4888744,-2.159874,4.432104,-0.014395727775990963,-262.74343878030777,-132.78810003310144,-627.2919055746437,-172.4596213400364,1.1920929521291868e-10,0.11751770973205566,1.0724392,0.8821631990093974,0.2937352657318115,-215.98740800619126,-0.050582632,10,0.014395727895200258,7,27.266344152079593,0.0072288489900529385,0.28193545,0.007674694061279297,2.833132266998291,0.046726226806640625
0.0,-3.9370751,1.4703618,-1.9772581,4.350809,-0.014507705345749855,-226.47380064427853,-121.02125860659278,-559.9601203001062,-164.04721301794052,-1.0967254659988157e-08,0.05290555953979492,1.0527686,0.8947990728817506,0.23329925537109375,-197.72580107562243,-0.041917853,10,0.014507694378495195,8,20.006115316795647,0.00735888397321105,0.3451903,0.007896184921264648,3.074538469314575,0.04842329025268555
0.0,-4.361896,1.5087739,-1.9306113,4.521184,-0.009382233954966068,-255.70521613955498,-122.44231096446515,-585.1864860266716,-155.25571085512638,1.0728835597717534e-09,0.05563521385192871,1.0939943,0.8282145703618563,0.24839091300964355,-193.06111353710293,-0.027713273,10,0.009382235027849628,9,30.02218236567356,0.006966474931687117,0.31934237,0.00812840461730957,3.331174612045288,0.0499110221862793
0.0,-4.2392087,1.5264245,-2.1277153,4.601694,-0.017967380583286285,-267.97946870326996,-136.06166321351674,-598.5344934175935,-177.50822097063065,-4.291534239087014e-09,0.05626344680786133,1.1134756,0.8561463455102514,0.25312089920043945,-212.77153199911118,-0.032048564,10,0.017967376291752046,10,27.95206379809571,0.009662461467087269,0.3034294,0.008048534393310547,3.5970771312713623,0.04769086837768555
0.0,-4.261044,1.5593147,-2.174134,4.7555614,-0.02669752575457096,-309.83719408512115,-141.29028591575297,-617.7449991741789,-123.68273070454597,-5.60283641704018e-09,0.0515596866607666,1.1507066,0.7856862755689749,0.24719810485839844,-217.41341005004944,-0.018485967,10,0.026697520151734544,11,55.598985525308635,0.009715666063129902,0.27919793,0.010200023651123047,3.854191541671753,0.04910612106323242
0.0,-4.438699,1.5464991,-2.0119052,4.695005,-0.01703418605029583,-281.8466690480709,-130.4804622775834,-565.4515558114302,-152.4633006453514,-1.525878978725359e-08,0.05136895179748535,1.1360532,0.8302938457819642,0.22969388961791992,-201.1905229937285,-0.03825604,10,0.017034170791506043,12,41.44985336887287,0.008739027194678783,0.30768716,0.008012771606445312,4.092076778411865,0.04730653762817383
0.0,-4.516401,1.5539739,-2.1937876,4.7302303,-0.01909496635198593,-338.0558571219444,-144.0638071661523,-603.4578909596947,-151.59652133286,6.1988831845383174e-09,0.05360841751098633,1.1445769,0.8598212897518609,0.2456972599029541,-219.37874275501818,-0.02483171,10,0.019094972550869116,13,64.67254394605973,0.008753014728426933,0.2936089,0.008256196975708008,4.345588207244873,0.05117464065551758
0.0,-4.16408,1.5240614,-1.8677149,4.5908327,-0.019912976771593094,-220.3793607056141,-120.8824435684368,-530.853240956845,-161.72109416127205,5.7220459481754915e-09,0.05277752876281738,1.1108474,0.8350016101127192,0.2480614185333252,-186.77149632573128,-0.080109276,10,0.019912982493639042,14,16.44626285341643,0.009319121949374676,0.3205023,0.007878780364990234,4.601381301879883,0.047324180603027344
0.0,-4.0736184,1.507145,-1.9660542,4.5138254,-0.02210885100066662,-231.16665747761726,-126.60105656454769,-543.5774031300926,-167.29902698285878,-9.298324776807476e-09,0.05329155921936035,1.0922137,0.9406755880162799,0.24959135055541992,-196.60541114080698,-0.022504615,10,0.02210884170234184,15,18.953815691269902,0.00795588456094265,0.298512,0.0077054500579833984,4.864046096801758,0.04871416091918945
0.0,-4.2638874,1.5045241,-1.9823524,4.502011,-0.020781077444553375,-285.92128360271454,-129.86416371909132,-573.403915631515,-154.2875145971775,-4.76837147544984e-09,0.059360504150390625,1.0893548,0.85382559463608,0.24504923820495605,-198.23523737341165,-0.017131748,10,0.0207810726761819,16,37.31238667292303,0.008677763864398003,0.31184664,0.0073812007904052734,5.1285481452941895,0.043332576751708984
0.0,-4.3543377,1.5125597,-1.9410455,4.5383325,-0.01351500116288662,-223.02574574947357,-127.84168450062975,-547.9284693570814,-163.0130992271006,-1.0490417423625331e-08,0.06110572814941406,1.0981436,0.8476619016722684,0.22459673881530762,-194.10454779509456,-0.027065145,10,0.013514990672469196,17,19.42322974188585,0.009310916066169739,0.3372488,0.007407188415527344,5.371172666549683,0.04297637939453125
0.0,-4.1650543,1.538131,-1.871593,4.6558805,-0.016639847308397293,-224.04295229911804,-120.45567401956217,-527.6346854910714,-165.56251567974687,-3.0994415922691587e-09,0.05187344551086426,1.1265867,0.8953366603727152,0.23170948028564453,-187.15929726734757,-0.034427803,10,0.0166398442089557,18,19.034586418701423,0.008934816345572472,0.33027378,0.00811767578125,5.6126978397369385,0.05042672157287598
0.0,-4.6604924,1.549274,-2.2064633,4.7080507,-0.009742794558405876,-293.32917910814285,-140.9556109891742,-546.5524885298188,-141.44857815653086,3.278255533700758e-08,0.05381584167480469,1.1392105,0.5534992139854897,0.24114656448364258,-220.64634304121137,-0.026969798,10,0.009742827340961213,19,55.7446113532179,0.007422007620334625,0.3057316,0.00801229476928711,5.862152576446533,0.0488736629486084
0.0,-3.834049,1.5745564,-2.0493839,4.828599,-0.00958191603422165,-219.47047182172537,-125.05294134110804,-559.2391075223379,-182.1653729006648,1.1444091896350983e-08,0.05338120460510254,1.1683795,0.7860105691206478,0.2277815341949463,-204.9383809846826,-0.011158985,10,0.009581927478313546,20,10.451284343157578,0.00842434074729681,0.29540515,0.008112430572509766,6.099286317825317,0.049370527267456055
0.0,-4.059117,1.5855445,-2.0822647,4.881949,-0.035458941012620926,-270.475094884634,-133.94989964939964,-625.4009854420651,-167.91873946227133,3.814697446813398e-09,0.05595040321350098,1.1812885,0.8786441429613057,0.24213647842407227,-208.22645287755876,-0.023539418,10,0.03545894482731837,21,25.765445228945445,0.009390406310558319,0.30449226,0.008135318756103516,6.352329730987549,0.04904961585998535
0.0,-4.167853,1.6032621,-1.9437282,4.969216,-0.019892262294888496,-253.50890666246414,-125.95873743732011,-599.7003168722773,-151.67911653220654,-1.6689301052252858e-09,0.052602291107177734,1.202405,0.8937384784963842,0.22845888137817383,-194.3728201188147,-0.040209457,10,0.01989226062595839,22,29.293424905201395,0.006610214244574308,0.26853156,0.007903814315795898,6.593295574188232,0.05045723915100098
0.0,-4.4615197,1.5991327,-2.1235566,4.948738,-0.020772842690348625,-245.0256905555725,-135.077941194689,-580.0255933198298,-184.76758734881878,-1.2636184543168838e-08,0.053819894790649414,1.1974499,0.921892652176089,0.23903489112854004,-212.3556523691863,-0.023552965,10,0.020772830054164082,23,20.165659635614922,0.006749297957867384,0.25902998,0.008101463317871094,6.840038299560547,0.04861092567443848
0.0,-4.660524,1.6110591,-2.2165072,5.0081124,-0.024182938039302826,-292.81199875473976,-143.6452411262723,-595.118503590664,-170.73777483403683,-3.6358833721550354e-09,0.05489397048950195,1.2118162,0.841615872718939,0.24266457557678223,-221.65071646906435,-0.05576246,10,0.024182934403419454,24,37.87777203627986,0.009939328767359257,0.2743219,0.007931232452392578,7.09052300453186,0.04830288887023926
0.0,-4.8163056,1.5972126,-2.1337297,4.939245,-0.01646673120558262,-282.2686240375042,-140.35139803571377,-577.7567643040394,-189.2298647519201,7.98702259885431e-09,0.05497455596923828,1.1951529,0.9114221998754104,0.2479109764099121,-213.37298418618738,-0.021667602,10,0.016466739192605218,25,27.80317445619867,0.006368853617459536,0.29503042,0.008008241653442383,7.348355770111084,0.04918217658996582
0.0,-5.159565,1.6191136,-2.2081683,5.048613,-0.01137236226350069,-240.79124013334513,-147.20432443445313,-595.4581578118684,-188.21128655225039,8.583068478174027e-09,0.05145716667175293,1.2216165,0.9419496143663372,0.22481846809387207,-220.81682390496135,-0.033825185,10,0.011372370846569169,26,16.665449540014016,0.005778028629720211,0.2777686,0.007773637771606445,7.581526279449463,0.045983076095581055
0.0,-4.1859365,1.6195012,-2.3067555,5.0505705,-0.01926475390791893,-266.7155243717134,-142.46016729558113,-555.0865154953278,-193.9137855619192,1.3887881955554349e-08,0.053151845932006836,1.2220905,0.9076218520609635,0.23569345474243164,-230.67556673511862,-0.037232507,10,0.019264767795800886,27,19.49074661524148,0.006738271098583937,0.3048365,0.008442163467407227,7.824978351593018,0.04953622817993164
0.0,-4.7130823,1.653881,-2.1455438,5.227227,-0.020346375182271004,-229.3851447403431,-138.10664243656345,-563.021387520666,-182.33118634670973,9.894370656127194e-09,0.052459001541137695,1.264836,0.9178224309349032,0.2266371250152588,-214.5543614383787,-0.034041498,10,0.02034638507664166,28,14.507356462371611,0.008196525275707245,0.31104657,0.007837057113647461,8.059742212295532,0.04815936088562012
0.0,-4.9096093,1.6514825,-2.1575425,5.2147045,-0.01650698110461235,-254.8764709830284,-141.47995747107691,-569.2195146729405,-165.8060463294387,4.887581006585151e-09,0.052559852600097656,1.2618061,0.8743313678948947,0.22884297370910645,-215.75424683149905,-0.015520591,10,0.016506985992193357,29,27.750807777469113,0.00750649394467473,0.3036663,0.010540246963500977,8.29819917678833,0.048983097076416016
0.0,-5.5632277,1.625134,-2.216752,5.0790997,-0.01892131008207798,-285.2989773750305,-139.95742120832017,-541.6391526490008,-179.69561736658216,-1.1682510070443186e-08,0.05387616157531738,1.2289941,0.7756237763818276,0.24561142921447754,-221.67520429380238,-0.039137743,10,0.01892129839956791,30,31.135129605537017,0.008714254945516586,0.31677762,0.010754585266113281,8.552029609680176,0.04886054992675781
0.0,-5.069126,1.6070212,-2.3147655,4.9879313,-0.019354907795786858,-296.0669878721237,-143.92717351398744,-523.0354503723709,-160.25472588464618,3.0994415922691587e-09,0.05333995819091797,1.2069334,0.8559751141506893,0.2310030460357666,-231.47654444016516,-0.053702604,10,0.01935491089522845,31,49.52301368637257,0.009242338128387928,0.28794897,0.007980585098266602,8.791278600692749,0.048914432525634766
0.0,-4.2654667,1.6044483,-2.1205575,4.9751143,-0.025117283686995506,-242.72971269488335,-132.30539877690126,-559.6630373918861,-188.13055327534676,-5.9604645663569045e-09,0.055559635162353516,1.2038325,0.900231892291323,0.23564386367797852,-212.05578411519528,-0.07153058,10,0.02511727772653094,32,17.470267168184034,0.008833397179841995,0.27686656,0.008175849914550781,9.034786224365234,0.05031728744506836
0.0,-4.4178195,1.6213614,-2.0806556,5.059974,-0.022228550165891647,-263.83684012293816,-128.23155559415815,-490.37838704506055,-160.8307943046093,-1.6689301052252858e-09,0.05073690414428711,1.2243658,0.8455587493489458,0.23069238662719727,-208.06554772779344,-0.06893974,10,0.022228548496961542,33,36.541629654957134,0.007598417345434427,0.29187068,0.008143424987792969,9.27312970161438,0.05147385597229004
0.0,-4.8120227,1.6445261,-2.1243804,5.1785555,-0.012292550876736641,-239.7861063554883,-127.9105860274517,-540.1665585154069,-156.17822951637208,1.2636184543168838e-08,0.05498361587524414,1.253059,0.8758516916728211,0.2304697036743164,-212.43804888296873,-0.0228674,10,0.012292563512921184,34,22.346883811659307,0.007466848008334637,0.27373075,0.00845026969909668,9.511717081069946,0.05203700065612793
0.0,-4.6785803,1.6541057,-2.0351636,5.2284017,-0.02762203849852085,-247.9785304069519,-129.12194348185858,-544.4391990579152,-179.06713918037713,3.814697446813398e-09,0.06174182891845703,1.2651198,0.8984590249278288,0.24997258186340332,-203.51634551305324,-0.011152716,10,0.027622042313218298,35,20.40805914557473,0.009287637658417225,0.28963605,0.007879018783569336,9.769962549209595,0.049224138259887695
0.0,-4.8317323,1.6266714,-2.2166533,5.0869145,-0.01833316497504711,-280.54493874311447,-139.84526645943987,-537.6740283707859,-203.04578053951263,-4.529952857268427e-09,0.053513288497924805,1.2308844,0.944509301434694,0.2323455810546875,-221.665316542238,-0.11958844,10,0.018333160445094254,36,21.9289690685498,0.008552467450499535,0.27535486,0.007690906524658203,10.012241840362549,0.04767441749572754
0.0,-5.0650916,1.6437173,-2.3700976,5.1743684,-0.024184932932257652,-284.7169715166092,-144.52131494815865,-565.169894823595,-191.89378595352173,-1.1920929521291868e-10,0.05589151382446289,1.2520459,0.929171695908493,0.23858308792114258,-237.00975260036066,-0.011776979,10,0.024184932813048357,37,30.305822379706587,0.00850096344947815,0.2755221,0.008728504180908203,10.260379791259766,0.04803323745727539
0.0,-5.1062546,1.6430275,-2.033192,5.1708007,-0.0248846597969532,-222.41833028197289,-130.75352827631647,-509.86144722129694,-172.62422434985638,9.536743617033494e-10,0.04987597465515137,1.2511823,0.8412740170694695,0.22528791427612305,-203.31920454502105,-0.09461324,10,0.024884660750627563,38,13.949193809556048,0.009984548203647137,0.2992684,0.007750749588012695,10.49436068534851,0.047980546951293945
0.0,-4.9809885,1.6584519,-2.134194,5.2511754,-0.01967804878950119,-266.00056916475296,-133.88550758334037,-515.0305895939171,-174.68594974279404,6.258487617039066e-10,0.05100369453430176,1.2706306,0.8617056385886388,0.24298977851867676,-213.41939504146575,-0.018728863,10,0.019678049415349952,39,32.20090511489074,0.0061896140687167645,0.27137434,0.007653236389160156,10.745076179504395,0.04872417449951172
0.0,-5.639523,1.6582351,-2.12187,5.2500367,-0.020268462598323822,-252.168692111969,-130.7210758979868,-469.2038972514323,-171.22569572925568,-2.8610229740877458e-09,0.05794692039489746,1.2703551,0.9129640062327041,0.2339494228363037,-212.18701571468264,-0.018512258,10,0.020268459737300848,40,23.266593677276788,0.006028764881193638,0.28680238,0.006961822509765625,10.997024297714233,0.04195213317871094
0.0,-4.8088503,1.660398,-2.118511,5.2614045,-0.023580657318234444,-268.3852436542511,-132.18725031551588,-489.3166684549651,-151.62299529463053,-8.40425506964948e-09,0.04877805709838867,1.2731055,0.8007326556408103,0.2344348430633545,-211.85110037624835,-0.07046028,10,0.023580648913979374,41,33.82418228069647,0.009493120014667511,0.32727444,0.007216930389404297,11.239434242248535,0.04820847511291504
0.0,-4.7160745,1.6910821,-2.0197754,5.4253483,-0.016659289598464966,-238.14733877778053,-121.0633272884321,-480.2400920945141,-167.0187363177538,1.1920929132713809e-08,0.05914783477783203,1.3127754,0.8868594971328498,0.22369766235351562,-201.97755201794206,-0.023667578,10,0.0166593015193941,42,22.42690193140527,0.006545838434249163,0.3032169,0.007020473480224609,11.482515573501587,0.042398929595947266
0.0,-5.3780518,1.6735415,-2.2568932,5.3310146,-0.02377948723733425,-283.8841915130615,-135.85298102828676,-498.9938390231758,-179.60739839076996,-4.0531160649948106e-09,0.05162811279296875,1.2899492,0.7833229843849295,0.2298285961151123,-225.68932612696662,-0.013443547,10,0.023779483184218186,43,32.78583351066243,0.00718400813639164,0.27239192,0.007620573043823242,11.723092317581177,0.04850268363952637
0.0,-5.528687,1.6750335,-2.0625288,5.3389735,-0.014148120768368244,-220.68770098686218,-126.4300885423954,-478.2883743706323,-185.68094267696142,-1.7881393032936899e-09,0.05504441261291504,1.291875,0.8676941582416893,0.23663926124572754,-206.2528855189681,-0.080356374,10,0.014148118980228941,44,11.664456646747738,0.00679916562512517,0.3210666,0.007499217987060547,11.967645406723022,0.04828643798828125
0.0,-5.9804125,1.6655166,-2.0856824,5.2884045,-0.012043563649058342,-251.4292484819889,-128.56493498737547,-432.98966832335543,-161.3778490871191,6.318092271584419e-09,0.051146745681762695,1.2796394,0.9197101582993716,0.215423583984375,-208.56824717056006,-0.027322998,10,0.012043569967150614,45,25.848528937131633,0.009488685987889767,0.3163605,0.007511615753173828,12.190721988677979,0.0484163761138916
0.0,-6.211878,1.6588193,-2.1875982,5.253105,-0.018495943397283554,-282.6971558332443,-135.73573910042185,-494.1289249052803,-175.7627583295107,4.529952857268427e-09,0.0511326789855957,1.2710984,0.9015504679183843,0.2333829402923584,-218.75980177000164,-0.050255157,10,0.01849594792723641,46,32.916198953446354,0.00680951401591301,0.28026396,0.0077362060546875,12.432366847991943,0.04890751838684082
0.0,-6.7192683,1.6640198,-2.1818717,5.2804947,-0.02651759795844555,-248.0926921069622,-136.5113341166361,-484.07744260867105,-199.30932109057903,-0.0,0.05181312561035156,1.277725,0.9581182702778099,0.22280597686767578,-218.187156021595,-0.07700194,10,0.02651759795844555,47,13.651428969691935,0.009051237255334854,0.29014045,0.007418632507324219,12.6646888256073,0.05005455017089844
0.0,-5.624809,1.6569248,-1.9636842,5.2431626,-0.017432862892746925,-227.4051696062088,-124.45173794870034,-459.2251048594059,-153.23365315794945,4.410743770222325e-09,0.0500485897064209,1.2686918,0.8643869410956082,0.2256462574005127,-196.36842462718488,-0.10158319,10,0.017432867303490696,48,23.84257691433709,0.007002857513725758,0.29866555,0.007809162139892578,12.89976167678833,0.047954559326171875
0.0,-6.03464,1.6346282,-2.2358122,5.127551,-0.011782192625105381,-267.33605206012726,-142.4948366267906,-503.893685833631,-173.78196702804416,1.2159347306806012e-08,0.05432558059692383,1.2407173,0.8588841656979602,0.2477562427520752,-223.58122845524923,-0.009184628,10,0.011782204784452688,49,24.404758191054935,0.00749058835208416,0.2954701,0.007497549057006836,13.155234813690186,0.05086541175842285
0.0,-5.70455,1.6222014,-2.1334434,5.0642266,-0.024925105273723602,-248.76214408874512,-132.12928054773346,-482.81127687444393,-176.2443962059915,7.629394893626795e-09,0.06690311431884766,1.2253945,0.8927377037138786,0.22724294662475586,-213.34432671964169,-0.016602973,10,0.024925112903118496,50,21.710258731589825,0.007183191832154989,0.3021107,0.0070171356201171875,13.390196084976196,0.04310345649719238
0.0,-6.0705385,1.6289983,-2.048243,5.0987644,-0.015965601429343224,-246.20758501440287,-130.11636260003692,-488.5545918785145,-173.72660874575377,-3.1590461357922095e-09,0.04906916618347168,1.2337521,0.9194616139879545,0.2287447452545166,-204.8243297394365,-0.02207956,10,0.015965598270297088,51,21.458528229604745,0.008586082607507706,0.27868125,0.007623434066772461,13.629016876220703,0.047842979431152344
0.0,-5.2819757,1.6188474,-1.8856353,5.0472693,-0.021442005410790443,-219.9594682455063,-121.7666821795273,-427.860676845475,-159.75321912020445,-3.4570692974966732e-09,0.06325936317443848,1.2212918,0.8878631594105459,0.2294614315032959,-188.56351432800292,-0.03760798,10,0.021442001953721146,52,17.28977561828079,0.007951213978230953,0.33162907,0.00716400146484375,13.876105785369873,0.04415607452392578
0.0,-5.9631486,1.5918776,-1.9771929,4.912965,-0.021760253235697746,-217.3132076971233,-125.3891766231973,-462.8100905161006,-160.48147244751453,3.576278717609682e-10,0.050829172134399414,1.1887938,0.9163215260024706,0.23839449882507324,-197.71929083745925,-0.014574604,10,0.021760253593325618,53,18.63151362601011,0.007469427306205034,0.3192874,0.007650136947631836,14.123294115066528,0.050611257553100586
0.0,-5.336219,1.5689111,-2.0568712,4.801417,-0.015028857626020908,-226.664194136858,-129.52126332011915,-425.51122902234886,-179.58778500556946,1.907348723406699e-09,0.0593414306640625,1.1618025,0.9205910633967224,0.21908307075500488,-205.68710050359368,-0.066979215,10,0.015028859533369632,54,13.728982112249174,0.00811012089252472,0.3073712,0.00705409049987793,14.361953258514404,0.04288935661315918
0.0,-6.2322044,1.5946486,-1.8988339,4.9265976,-0.013976158574223518,-234.95406848192215,-120.22232213610125,-370.101951103589,-128.9741390645504,6.794929507947245e-09,0.0503847599029541,1.1920928,0.8370020227633987,0.2402815818786621,-189.8833850570023,-0.11143852,10,0.013976165369153026,55,28.55901919296177,0.006197760812938213,0.35806724,0.009097099304199219,14.609764814376831,0.05047178268432617
0.0,-6.330733,1.6015811,-1.8442625,4.96087,-0.013652943074703217,-202.43617749214172,-117.46878332349445,-403.38103712305036,-166.28397580236197,-6.049871270619178e-09,0.05881810188293457,1.2003852,0.9455557973280426,0.22782206535339355,-184.42623782940208,-0.02450578,10,0.013652937024831946,56,10.746471737810063,0.009099278599023819,0.33718336,0.007235288619995117,14.854851245880127,0.042816877365112305
0.0,-5.838712,1.5816035,-2.2640083,4.862747,-0.022988496348261833,-324.0464413166046,-138.33448126843436,-428.0678174110998,-173.88463538885117,-9.298324776807476e-09,0.049425363540649414,1.1766421,0.7453934918247048,0.2252030372619629,-226.40083958879114,-0.031134106,10,0.022988487049937056,57,42.270076611258766,0.007631905842572451,0.3089137,0.0076787471771240234,15.087929010391235,0.04772138595581055
0.0,-6.2623487,1.606665,-2.066012,4.9861546,-0.023390308022499084,-290.83909383416176,-129.2999711606255,-408.47917588353124,-149.26122338324785,-4.76837147544984e-09,0.05072188377380371,1.2065039,0.7386655204114627,0.21607756614685059,-206.60119474846869,-0.02051414,10,0.02339030325412761,58,37.22228651220472,0.009062801487743855,0.32742012,0.007400989532470703,15.312034845352173,0.04682302474975586
0.0,-6.2810755,1.6232436,-2.0561645,5.069507,-0.019974838942289352,-252.99744445085526,-128.57169114098045,-370.7224886488205,-170.92364560253918,-3.4570692974966732e-09,0.050884246826171875,1.2266722,0.826871770447708,0.22338485717773438,-205.6164435924962,-0.028267393,10,0.019974835485220055,59,23.973168478858852,0.0086704446002841,0.33061287,0.007710695266723633,15.544504642486572,0.04801225662231445
0.0,-5.1899366,1.6176891,-1.9763991,5.0414267,-0.017314555123448372,-233.4610720872879,-125.54305025801371,-450.21638900893925,-178.4641030728817,6.556510889765832e-10,0.05044817924499512,1.2198775,0.8994482885863896,0.2294480800628662,-197.63990266434848,-0.046547446,10,0.01731455577909946,60,17.763796313566427,0.00887003168463707,0.31175262,0.007784366607666016,15.785275220870972,0.047342777252197266
0.0,-5.739318,1.6114311,-2.0361886,5.009976,-0.023359214887022972,-232.36028063297272,-129.73849700620022,-388.10589743891916,-181.24695853888988,-3.5762786065873797e-09,0.05156731605529785,1.2122674,0.9132149023101318,0.22061514854431152,-203.61887133568524,-0.0477371,10,0.023359211310744366,61,17.354887741504204,0.0072015924379229546,0.32553035,0.0075914859771728516,16.01386022567749,0.04660534858703613
0.0,-8.254693,1.5828439,-2.0389147,4.8687825,-0.027287064120173454,-227.81231640279293,-130.79916717554502,-402.47000479285714,-177.39766205847263,5.4836273299940785e-09,0.0478363037109375,1.178103,0.933728340819841,0.22243928909301758,-203.89146189652382,-0.019817036,10,0.027287069603800784,62,16.271784584540118,0.009109972044825554,0.34337318,0.0076198577880859375,16.245456218719482,0.04919862747192383
0.0,-5.060307,1.5832177,-1.8717331,4.870603,-0.02781611680984497,-207.37511870265007,-115.82042614500115,-364.67301086849113,-166.67721037566662,-1.3828277189986693e-08,0.05191493034362793,1.1785433,0.915064539062771,0.22182512283325195,-187.17330008372664,-0.060778014,10,0.02781610298156778,63,15.000674269509828,0.008141597732901573,0.40091375,0.007597446441650391,16.476659297943115,0.05152010917663574
0.0,-7.626798,1.6077727,-1.8265598,4.991681,-0.02468148060142994,-236.04981100559235,-114.29843506970651,-320.19623314656417,-132.5244839861989,7.152557435219364e-10,0.05146646499633789,1.2078402,0.8057510411863578,0.23329639434814453,-182.6559834097512,-0.01236301,10,0.024681481316685683,64,25.680283417926095,0.008667312562465668,0.4070858,0.007822513580322266,16.7212016582489,0.04971504211425781
0.0,-5.7050595,1.6162906,-1.6969866,5.034381,-0.024287758395075798,-202.30298227071762,-107.70353104971169,-378.3298305282941,-132.37579458765686,-3.3140182154056674e-08,0.06576657295227051,1.2181726,0.8151391352613484,0.22611355781555176,-169.6986577237025,-0.028388618,10,0.024287725254893644,65,21.99215699142114,0.0082682641223073,0.39324594,0.007225990295410156,16.9648494720459,0.04471302032470703
0.0,-7.0939717,1.6337173,-1.6762937,5.122883,-0.02266787365078926,-199.09367766976357,-102.42130044559278,-312.62299840143453,-117.67140059359372,-1.8447638083785023e-08,0.05086970329284668,1.2395879,0.7980508191241762,0.22135257720947266,-167.6293726336211,-0.03069658,10,0.022667855203151177,66,23.03806975076333,0.006492116488516331,0.41377044,0.007638454437255859,17.1935715675354,0.048750877380371094
0.0,-7.1657805,1.640513,-1.55027,5.1578145,-0.034139491617679596,-191.88108952343464,-100.33999575111206,-308.67460435567125,-129.7842981442809,8.344650526126429e-10,0.05078625679016113,1.2480406,0.8203255137930927,0.22580957412719727,-155.02699789777398,-0.057424173,10,0.03413949245214465,67,19.889966559802463,0.009647206403315067,0.44954544,0.00786137580871582,17.42738628387451,0.04797554016113281
0.0,-5.9098964,1.6233106,-1.5046179,5.0698466,-0.022393621504306793,-197.76626740396023,-96.74213554726568,-288.3792679881418,-94.21438369899988,7.152557435219364e-10,0.04967999458312988,1.2267549,0.741051756556963,0.22536611557006836,-150.46178543567657,-0.06423721,10,0.022393622219562537,68,27.42862803567021,0.007259156554937363,0.42188752,0.00991201400756836,17.66078758239746,0.04812431335449219
0.0,-5.8654137,1.6258721,-1.3381802,5.08285,-0.023712195456027985,-160.69412917643785,-85.87346589326317,-260.52876933758387,-91.01970570534468,-5.2452087118126656e-09,0.052143096923828125,1.2299013,0.7711694835982678,0.24004244804382324,-133.81802424266934,-0.077992655,10,0.023712190210819273,69,24.954396465103464,0.008921540342271328,0.5114841,0.008251667022705078,17.908896446228027,0.05007481575012207
0.0,-6.2659025,1.613054,-1.3933364,5.018113,-0.027897650375962257,-195.76906031370163,-91.10812901410827,-343.65483195988844,-97.401701644063,-2.044439284532018e-08,0.052260637283325195,1.2142366,0.7117845510922962,0.24918031692504883,-139.33363642543554,-0.070614494,10,0.027897629931569412,70,27.638196762634674,0.008726228959858418,0.51533294,0.008027315139770508,18.166253566741943,0.04932999610900879
0.0,-4.65096,1.6036226,-1.3958154,4.971008,-0.025487937033176422,-191.56276124715805,-91.95610975354838,-290.95906896165195,-97.95390005409718,-3.3974647539736225e-09,0.0602877140045166,1.2028388,0.7657239617105014,0.22977066040039062,-139.5815432935953,-0.10661136,10,0.025487933635711668,71,27.574814282133136,0.00893009640276432,0.49850544,0.007468461990356445,18.412139892578125,0.04278564453125
0.0,-6.0180497,1.6023884,-1.4274304,4.964876,-0.026573436334729195,-166.09862944483757,-97.58961910463002,-268.89640130906616,-91.42873239517212,1.3113021779531664e-08,0.052899837493896484,1.2013551,0.9142500001529292,0.23934388160705566,-142.74304148107768,-0.15892203,10,0.026573449447750974,72,22.774590593859934,0.006732827052474022,0.5243364,0.008020401000976562,18.659703493118286,0.05325746536254883
0.0,-9.546984,1.5828439,-1.3047632,4.8687825,-0.01759275421500206,-180.9484782218933,-88.38999526965432,-253.03410118827225,-95.34966485202312,1.4960765071236892e-08,0.05818009376525879,1.1781025,0.7729573402109146,0.2374587059020996,-130.4763140067458,-0.09031028,10,0.01759276917576713,73,26.10526819324714,0.00949012115597725,0.5630085,0.007698774337768555,18.90691876411438,0.04696512222290039
0.0,-4.9359517,1.5787184,-1.1996107,4.8487377,-0.02710827626287937,-170.43815594911575,-80.34368649466255,-202.7901568424019,-88.13624948263168,-1.692771967043427e-08,0.05102872848510742,1.1732529,0.8408314964903661,0.23802757263183594,-119.96107736080884,-0.13131614,10,0.0271082593351597,74,23.353628962307738,0.009819566272199154,0.5616498,0.007800102233886719,19.156776666641235,0.04689836502075195
0.0,-5.1811614,1.5580578,-1.1594204,4.7495875,-0.022319333627820015,-145.831178098917,-78.45788311368543,-223.21765095529366,-68.54986268281937,-2.38418573772492e-09,0.05863547325134277,1.1492614,0.9387709867358945,0.2512626647949219,-115.94203972667455,-0.21460935,10,0.022319331243634277,75,22.156715822440752,0.007295132614672184,0.5729947,0.007365703582763672,19.426615715026855,0.04398465156555176
0.0,-7.5071974,1.5292934,-1.1176348,4.614915,-0.0346112959086895,-154.2143273949623,-75.94387776366769,-245.9452671772864,-69.51130151748657,-4.082918003689429e-09,0.059676170349121094,1.1166745,0.9007435804629057,0.22721457481384277,-111.76348208710552,-0.07353617,10,0.034611291825771495,76,31.53323235187408,0.009766417555510998,0.5986397,0.0075871944427490234,19.665756940841675,0.04249906539916992
0.0,-6.057936,1.4972173,-1.111746,4.4692354,-0.030547553673386574,-149.89028131961823,-73.91810692434548,-206.7548524722609,-72.18055810034275,3.6954879156780862e-09,0.05370664596557617,1.0814246,0.8352915474307047,0.23357820510864258,-111.17459663078189,-0.10356296,10,0.03054755736887449,77,23.97728175351305,0.007503829896450043,0.5937017,0.00788569450378418,19.90942668914795,0.04960775375366211
0.0,-6.2133055,1.4811072,-1.2366306,4.3978124,-0.01581588014960289,-180.9837488234043,-80.9878504871858,-331.22056316796204,-61.73905323445797,8.285045538514169e-09,0.05087113380432129,1.0641416,0.6350859054433502,0.23324060440063477,-123.66306858509779,-0.15133977,10,0.01581588843464843,78,39.45847268541281,0.0064563388004899025,0.59611905,0.008008718490600586,20.152557849884033,0.04774045944213867
0.0,-5.8544188,1.4628465,-1.2500573,4.318234,-0.028122330084443092,-250.23132008314133,-80.58385985058048,-285.4229695346738,-60.8521962761879,1.668930060816365e-08,0.05789375305175781,1.044886,0.5089006864970835,0.22482061386108398,-125.00574075877667,-0.1948074,10,0.0281223467737437,79,61.34507125579976,0.00811874121427536,0.6095737,0.00795888900756836,20.38559865951538,0.047013282775878906
0.0,-7.5697937,1.4748122,-1.1563882,4.370215,-0.024349719285964966,-182.16145449876785,-80.17384662628446,-223.2997086985853,-73.77228224277496,-1.2516975234078132e-09,0.05316519737243652,1.0574644,0.5424469391167126,0.22920608520507812,-115.63881314843893,-0.15182349,10,0.024349718034267442,80,31.04857106121063,0.006393479183316231,0.6152539,0.008082389831542969,20.623013973236084,0.04949808120727539
0.0,-4.9808846,1.4578743,-1.1768113,4.296816,-0.034894056618213654,-145.94158178567886,-83.35072999940607,-274.15846911635356,-90.83074426651001,-1.9788741312254388e-08,0.05269980430603027,1.0397036,0.7406120570086533,0.231248140335083,-117.68112957254053,-0.09078585,10,0.03489403682947234,81,14.116716991026921,0.009870060719549656,0.57689065,0.008376836776733398,20.864109754562378,0.051813602447509766
0.0,-6.261302,1.4284312,-1.1057804,4.1721487,-0.02255941741168499,-149.32847291231155,-77.42663677987747,-261.9379914730196,-74.2327770292759,1.0251999249533128e-08,0.052815914154052734,1.0095379,0.785762241243727,0.25007081031799316,-110.57804497331381,-0.19606952,10,0.02255942766368424,82,24.623425203033186,0.0065383766777813435,0.60570014,0.010242223739624023,21.123265743255615,0.05013084411621094
0.0,-4.7879925,1.4279804,-0.9467405,4.1702685,-0.018723778426647186,-169.43528626859188,-62.73138190660511,-176.46604807845827,-70.18314030766487,1.847744002247964e-08,0.06261229515075684,1.0090829,0.5827607288023253,0.2644963264465332,-94.67405269742012,-0.16964236,10,0.01872379690408721,83,26.34968601520264,0.006941867060959339,0.624887,0.008557319641113281,21.40748643875122,0.04723811149597168
0.0,-4.9817657,1.4145051,-0.97166294,4.11445,-0.0304291732609272,-144.89501029253006,-65.4333373870456,-200.01939451481024,-69.71961098909378,6.9141385949933465e-09,0.0585942268371582,0.9955767,0.6265191311897869,0.22671103477478027,-97.1663005977869,-0.2550634,10,0.030429180175065795,84,23.345284348677154,0.006543655414134264,0.60567397,0.0074465274810791016,21.650624752044678,0.04335427284240723
0.0,-4.6731076,1.3942978,-0.94634277,4.032142,-0.023200854659080505,-137.11751466989517,-61.65404553717707,-222.37070912363484,-71.7982630431652,-0.0,0.054041147232055664,0.97566026,0.7810786862168463,0.24813628196716309,-94.6342754498124,-0.19684748,10,0.023200854659080505,85,22.187152614175773,0.006511231884360313,0.62280124,0.008013010025024414,21.907460927963257,0.04844927787780762
0.0,-5.2250257,1.3729247,-0.9029018,3.9468772,-0.02148026041686535,-147.54855498671532,-60.27608303961674,-161.7529524483997,-72.49365438520908,9.536743617033494e-10,0.05100226402282715,0.9550286,0.7357894460206449,0.2319657802581787,-90.2901777729392,-0.14868674,10,0.02148026137053971,86,23.006574606463168,0.00718138599768281,0.6498045,0.007886886596679688,22.147179126739502,0.04702043533325195
0.0,-5.517152,1.3323078,-0.9812424,3.7897794,-0.023474467918276787,-116.1696865260601,-65.8858285287357,-163.8301902499379,-81.48330235481262,4.76837147544984e-09,0.05064058303833008,0.9170158,0.9081867900997659,0.23677301406860352,-98.12424757257104,-0.08297785,10,0.023474472686648262,87,8.649645650497916,0.0067192744463682175,0.6179096,0.007910728454589844,22.3943350315094,0.04940366744995117
0.0,-4.990433,1.3174598,-1.0583142,3.7339244,-0.02119717374444008,-179.5630257576704,-68.28241000518675,-217.03945616074702,-75.80864951014519,3.904104151075671e-09,0.050624847412109375,0.9035006,0.6084384648538578,0.22513961791992188,-105.83142660707236,-0.13328598,10,0.02119717764854423,88,37.349932880983864,0.009574253112077713,0.6308181,0.007949113845825195,22.627620458602905,0.04812049865722656
0.0,-7.350347,1.3187922,-1.355822,3.7389028,-0.026578815653920174,-273.88605254888535,-86.2386211648604,-302.4537913538984,-64.60162019729614,-4.0531160649948106e-09,0.052561044692993164,0.9047051,0.5583080492050898,0.23977017402648926,-135.58220393657683,-0.2309634,10,0.02657881160080411,89,71.08473816170489,0.00813012383878231,0.5547617,0.008469343185424805,22.87550687789917,0.052045345306396484
0.0,-5.315674,1.3186685,-1.0285515,3.7384403,-0.031326279044151306,-219.97275602817535,-68.85474013394555,-230.13023636084148,-65.18175935745239,2.5033950468156263e-09,0.05170178413391113,0.90459335,0.5273496281580325,0.24859070777893066,-102.85514796674252,-0.26205847,10,0.03132628154754635,90,42.307803509061586,0.006967857480049133,0.60382915,0.008255720138549805,23.133615732192993,0.05036354064941406
0.0,-4.772238,1.3185147,-1.0325532,3.7378654,-0.02835877612233162,-123.48525559902191,-70.39960932701243,-203.65490688072856,-73.02503891289234,-7.152557435219364e-10,0.05875110626220703,0.904454,0.7572460069374884,0.24950170516967773,-103.25532052144408,-0.11711907,10,0.028358775407075876,91,17.308982177643053,0.008063356392085552,0.6167646,0.007460355758666992,23.401511430740356,0.04514646530151367
0.0,-5.404702,1.3265226,-0.9753181,3.7679179,-0.05186974257230759,-130.67849147319794,-65.97509967477399,-207.39156188392963,-60.079975962638855,-7.152557435219364e-10,0.05435967445373535,0.91172594,0.8519987206107615,0.22777462005615234,-97.53180157095194,-0.11075951,10,0.05186974185705184,92,21.01017039681048,0.009041939862072468,0.61594886,0.007869482040405273,23.639437675476074,0.04901623725891113
0.0,-6.4159694,1.3281548,-1.3821757,3.7740731,-0.022926803678274155,-202.12535187602043,-91.96612471146491,-321.61456274669627,-50.78467048704624,-1.6689301052252858e-09,0.05420255661010742,0.9132149,0.5594267800907848,0.2240746021270752,-138.217571650818,-0.033035878,10,0.02292680200934405,93,52.666814036460146,0.006747840903699398,0.565103,0.007757425308227539,23.875208139419556,0.04840826988220215
0.0,-6.095384,1.3259485,-1.0848731,3.7657554,-0.033550821244716644,-177.0490560978651,-74.08225617492289,-264.97223073282373,-67.58921802043915,-0.0,0.05122065544128418,0.9112023,0.6800706835383777,0.2232677936553955,-108.48731142729521,-0.2276433,10,0.033550821244716644,94,37.47145820533541,0.00888451375067234,0.6072922,0.007941722869873047,24.106700897216797,0.04925251007080078
0.0,-7.5844026,1.3243091,-1.116924,3.759587,-0.04499690979719162,-166.9864251613617,-74.4688119577216,-200.85424156897275,-82.09921663999557,1.752376554975399e-08,0.05388760566711426,0.90971,0.8432487886287976,0.23566317558288574,-111.69240477383137,-0.3521136,10,0.04499692732095717,95,25.972940566217474,0.009021139703691006,0.61962056,0.00809168815612793,24.35065484046936,0.05017423629760742
0.0,-6.638365,1.3203169,-1.156262,3.744608,-0.028043819591403008,-137.0648849606514,-79.08805411165129,-275.28696919845777,-86.42385992407799,3.278255444882916e-09,0.05413508415222168,0.90608567,0.8476868797405165,0.2660996913909912,-115.62620707899332,-0.22355773,10,0.028043822869658452,96,18.34229640414806,0.008281448855996132,0.6051652,0.008057355880737305,24.625895500183105,0.05236005783081055
0.0,-5.902104,1.322237,-1.0385798,3.7518048,-0.02597213350236416,-170.49071058630943,-69.89725136512001,-202.96024472119356,-66.86233466863632,-8.940696516468449e-10,0.05623602867126465,0.90782714,0.8745778711224851,0.24600529670715332,-103.85798251479864,-0.13786227,10,0.025972132608294507,97,29.84910286776643,0.006961920764297247,0.6265556,0.008070707321166992,24.886977434158325,0.04438328742980957
0.0,-9.338667,1.2924756,-1.1164329,3.6417909,-0.03864240273833275,-158.11264410614967,-77.70671161689587,-243.65692384665644,-81.448854804039,-1.0848045128852846e-08,0.05248546600341797,0.8812066,0.8217484737407607,0.2206876277923584,-111.64328261613846,-0.26707727,10,0.03864239189028762,98,21.505501849214035,0.006643034052103758,0.627099,0.007432222366333008,25.128803968429565,0.04504799842834473
0.0,-5.769001,1.2802633,-1.1898435,3.5975869,-0.03087168186903,-205.29651257395744,-76.53337230720713,-254.80515684173616,-59.1134632229805,1.275539407430415e-08,0.05518841743469238,0.8705109,0.5392337260361395,0.2528815269470215,-118.98435981571674,-0.3638094,10,0.030871694624424073,99,50.07041207201949,0.009616291150450706,0.58803594,0.00833439826965332,25.38963007926941,0.0498502254486084
0.0,-7.8302817,1.2761804,-1.3684257,3.5829282,-0.021260952576994896,-224.37274768948555,-92.24300116017754,-290.80957168202997,-92.52342846989632,2.5033950468156263e-09,0.05598330497741699,0.866964,0.6825205374850135,0.233964204788208,-136.84257748425006,-0.21625015,10,0.021260955080389943,100,38.36284920836669,0.00657659163698554,0.56486684,0.007404327392578125,25.64157795906067,0.04456782341003418
0.0,-6.1355414,1.2707922,-0.9128331,3.5636747,-0.023146532475948334,-119.07442016899586,-60.25572607811182,-174.10575768089663,-64.42326498031616,9.536743617033494e-10,0.053565025329589844,0.8623049,0.36328167085513396,0.24314141273498535,-91.283302552253,-0.12174774,10,0.023146533429622695,101,15.826052575883734,0.007013566792011261,0.62714195,0.007712125778198242,25.900423049926758,0.04950308799743652
0.0,-6.2362466,1.2794958,-0.91693175,3.594827,-0.03143449127674103,-127.16161406040192,-61.070770439235005,-195.5861846077192,-75.69286122918129,-1.19209286886246e-09,0.05903053283691406,0.86984277,0.8990904373614781,0.23941636085510254,-91.69317410588265,-0.20371997,10,0.03143449008464816,102,15.921393102211637,0.007861892692744732,0.63634455,0.008391141891479492,26.149083614349365,0.04759716987609863
0.0,-7.270484,1.2727242,-1.0590994,3.5705662,-0.02987443096935749,-149.08301490545273,-74.9041526564392,-257.86813033884306,-84.60793712735176,-2.8610229740877458e-09,0.05268239974975586,0.8639726,0.9306279936152105,0.238739013671875,-105.90994919538498,-0.25999504,10,0.029874428108334516,103,18.387881285763775,0.009918855503201485,0.611574,0.007962465286254883,26.395936965942383,0.047246694564819336
0.0,-5.2445917,1.2430056,-1.1076651,3.4660153,-0.02384989522397518,-158.0866756439209,-75.40697068026455,-249.77050856849127,-85.49503365159035,-7.092952891696314e-09,0.055206298828125,0.8386743,0.687766175407418,0.24799823760986328,-110.76651213467122,-0.1459465,10,0.02384988813102229,104,21.955145459076533,0.006599388085305691,0.5893535,0.008710861206054688,26.652321100234985,0.05243206024169922
0.0,-5.1564255,1.2405492,-0.8996165,3.457512,-0.03866749629378319,-126.02208414673805,-59.7883437768529,-160.11727671732493,-68.72025249898434,-5.2452087118126656e-09,0.05281400680541992,0.8366166,0.7441821309322321,0.23470330238342285,-89.96165060997009,-0.0705827,10,0.038667491048574476,105,17.990031465872974,0.009965118020772934,0.6479839,0.007686138153076172,26.89614248275757,0.05280494689941406
0.0,-7.2276397,1.2365376,-0.86788356,3.4436693,-0.045087870210409164,-109.37845692038536,-58.243690791468566,-166.11721181191365,-68.01960602402687,2.396106779656293e-08,0.05287623405456543,0.83326715,0.951122249858249,0.2487199306488037,-86.78835734054447,-0.124869324,10,0.04508789417147696,106,14.89161774799634,0.009930301457643509,0.6534361,0.0082244873046875,27.153043031692505,0.0489344596862793
0.0,-5.2300177,1.2082888,-0.9071885,3.3477511,-0.022061897441744804,-123.66916909813881,-59.71502839930846,-226.84186462662745,-65.84599378705025,-2.0265580324974053e-09,0.05600762367248535,0.81005776,0.8205300287514439,0.24730181694030762,-90.71884892359375,-0.07385827,10,0.022061895415186772,107,24.47759544382406,0.006609885022044182,0.64319223,0.008412361145019531,27.409064054489136,0.047569990158081055
0.0,-5.979811,1.206946,-0.96546215,3.3432589,-0.030496634542942047,-186.88429129123688,-64.10268252584753,-226.6259875132367,-75.03656879067421,9.894370656127194e-09,0.052825212478637695,0.8089707,0.6078994203977514,0.23043346405029297,-96.54621830955148,-0.11741168,10,0.030496644437312703,108,31.48343318537187,0.006862548645585775,0.64767295,0.00819706916809082,27.648199796676636,0.04909634590148926
0.0,-4.9482574,1.2024916,-0.8005288,3.3283997,-0.026805559173226357,-87.97573348134756,-51.13904952854325,-99.13241659288532,-75.01265390217304,1.4305114870438729e-09,0.05899858474731445,0.80537534,0.724790892841657,0.236250638961792,-80.05288016423583,-0.09393456,10,0.026805560603737844,109,3.658759855157517,0.0077722701244056225,0.6696755,0.008799076080322266,27.89323115348816,0.051610708236694336
0.0,-5.860518,1.2031422,-0.8808784,3.3305657,-0.028461966663599014,-123.60038411617279,-61.25180342011208,-230.8018884706567,-61.92409807443619,6.1988831845383174e-09,0.05263805389404297,0.8058996,0.8189285810818493,0.24599742889404297,-88.08783944100142,-0.17012031,10,0.0284619728624822,110,21.441390715991464,0.009396621026098728,0.6525331,0.007961034774780273,28.14719295501709,0.0488278865814209
0.0,-6.427647,1.1883342,-0.90719163,3.2816103,-0.023835033178329468,-130.74698501825333,-62.954542664955284,-215.86631906387274,-65.84398487210274,-1.6987323769868112e-09,0.053328514099121094,0.79405373,0.9204302203431086,0.24568772315979004,-90.71916314661503,-0.27499384,10,0.02383503147959709,111,22.131955339108252,0.006453098263591528,0.6435096,0.010859251022338867,28.403096675872803,0.051467180252075195
0.0,-5.898882,1.1764708,-0.83739775,3.242909,-0.02985217608511448,-102.0880819261074,-55.54056930033048,-186.24015415874823,-67.56195998191833,-5.9604645663569045e-09,0.052155256271362305,0.784689,0.9072478252869871,0.23229098320007324,-83.73977530449629,-0.1792408,10,0.029852170124649913,112,12.906942371466052,0.006536037661135197,0.65454644,0.007750272750854492,28.644571781158447,0.04964280128479004
0.0,-4.4086003,1.1604995,-0.81358314,3.191527,-0.048100218176841736,-88.53347432613373,-51.47585675031756,-112.5346111853479,-74.12615069746971,-2.6226043559063328e-09,0.055639028549194336,0.7722559,0.955992854434207,0.23757648468017578,-81.358309443295,-0.16042651,10,0.04810021555423738,113,3.9230004148533464,0.00744581175968051,0.6652173,0.007928848266601562,28.891741275787354,0.0471189022064209
0.0,-4.9536223,1.1460412,-0.86629057,3.1457148,-0.0306673776358366,-110.5583348274231,-59.186297514836994,-174.3759874346627,-71.8711450099945,-2.38418573772492e-09,0.051232099533081055,0.76117104,0.9124050430664812,0.2254321575164795,-86.62905891686678,-0.17213483,10,0.030667375251650864,114,14.705296872109223,0.006685244385153055,0.6632134,0.008042097091674805,29.12651515007019,0.04850316047668457
0.0,-3.925489,1.1450593,-0.81492454,3.142628,-0.03769153729081154,-107.22648975253105,-53.94858492493326,-164.31788760778255,-69.86084574460983,4.0531160649948106e-09,0.05238747596740723,0.7604237,0.9626426548106463,0.24008607864379883,-81.49245876967908,-0.22564492,10,0.037691541343927604,115,13.916054064741903,0.009309038519859314,0.66675454,0.008504867553710938,29.3746280670166,0.0496973991394043
0.0,-3.10499,1.1318343,-0.89141136,3.10134,-0.019047610461711884,-151.3447477221489,-58.26402234497622,-192.57000776894125,-72.46414175629616,-1.907348590179936e-08,0.058907270431518555,0.7504337,0.6862130794233265,0.2407701015472412,-89.14113654196262,-0.28354976,10,0.019047591388225982,116,22.585962927919546,0.0065799253061413765,0.6625134,0.008199930191040039,29.62339472770691,0.047849416732788086
0.0,-4.929641,1.1419314,-0.8506151,3.1328132,-0.025118034332990646,-101.09700030088425,-58.07976806283153,-205.63096046788874,-62.09380656480789,2.5033950468156263e-09,0.053809404373168945,0.7580491,0.808708422043905,0.25792598724365234,-85.06151027828454,-0.2277099,10,0.025118036836385693,117,12.160551173713856,0.009882435202598572,0.65790033,0.008788585662841797,29.889308214187622,0.04998517036437988
0.0,-2.281824,1.1313688,-0.7474364,3.0998967,-0.02379542775452137,-88.59819468855858,-50.227722858703544,-159.89356810093008,-63.98890367150307,6.1988831845383174e-09,0.054372549057006836,0.75008416,0.9468460338707763,0.24064326286315918,-74.74364598989487,-0.15326591,10,0.023795433953404554,118,7.859794353842983,0.007060897070914507,0.6637415,0.007579803466796875,30.138020038604736,0.045046329498291016
0.0,-4.5386653,1.1294372,-0.87788343,3.0939147,-0.03129950165748596,-130.1900177001953,-60.16558410588173,-199.716686960657,-65.18935152888298,-0.0,0.05507659912109375,0.7486366,0.7473985716155223,0.24275803565979004,-87.78833992928267,-0.21317025,10,0.03129950165748596,119,18.497546531424106,0.009063742123544216,0.6507519,0.007397890090942383,30.39103889465332,0.04377031326293945
0.0,-4.57653,1.1082175,-0.8891576,3.0289545,-0.028556445613503456,-115.6407653093338,-61.31890774282901,-223.21481476956401,-63.90030261874199,-4.529952857268427e-09,0.05343008041381836,0.7329184,0.8329660656180004,0.24990200996398926,-88.91575454622507,-0.21849164,10,0.0285564410835506,120,16.359984228204073,0.006701032631099224,0.6480735,0.008393526077270508,30.650949954986572,0.05389213562011719
0.0,-4.5472913,1.0932466,-0.8847992,2.983946,-0.04211355373263359,-125.21218320727348,-61.42076036999091,-195.2879594996094,-64.60586792230606,-0.0,0.051317453384399414,0.7220277,0.9060265060267232,0.23030591011047363,-88.47991460859775,-0.26787916,10,0.04211355373263359,121,18.460291109673864,0.009931775741279125,0.6652725,0.007844209671020508,30.88941788673401,0.046159982681274414
0.0,-4.4318967,1.0878828,-0.9080871,2.9679835,-0.022070223465561867,-131.94065535068512,-62.22385085110335,-221.01130046317462,-52.413118571043015,4.887581006585151e-09,0.05175924301147461,0.7181651,0.7008112517486392,0.24987268447875977,-90.80871161818504,-0.26018408,10,0.022070228353142873,122,23.512929893213823,0.006409947294741869,0.64173335,0.007934331893920898,31.147473096847534,0.04819321632385254
0.0,-4.054072,1.0870408,-0.8000504,2.9654856,-0.0313824787735939,-109.15233926475048,-53.87561547667492,-185.05495891844984,-63.48275616765022,-8.106232129989621e-09,0.05912899971008301,0.71756065,0.8468769935508226,0.24117016792297363,-80.0050369694829,-0.17280816,10,0.03138247066736177,123,13.348952652216468,0.006445382256060839,0.6653383,0.007903575897216797,31.405517101287842,0.042447566986083984
0.0,-4.9184165,1.0836296,-0.8777541,2.955387,-0.030079005286097527,-126.12118542194366,-61.6734860529172,-218.34902415188566,-62.83936458826065,-1.0013580187262505e-08,0.050847768783569336,0.7151172,0.9019257658830737,0.22760415077209473,-87.77540605813265,-0.15242836,10,0.03007899527251734,124,22.90236919508421,0.006601421162486076,0.6586351,0.007649660110473633,31.64136552810669,0.04685020446777344
0.0,-3.11142,1.0822517,-0.82088304,2.9513175,-0.02287231758236885,-139.15650129318237,-53.79659490670623,-155.82662291729105,-61.825891733169556,-2.3841859042583735e-10,0.051030874252319336,0.7141326,0.6182636914891764,0.24986553192138672,-82.08830531090499,-0.114862815,10,0.02287231734395026,125,22.560659545744244,0.0064428807236254215,0.65910333,0.008429288864135742,31.90077018737793,0.047681570053100586
0.0,-4.156874,1.0703526,-0.81856775,2.9164076,-0.029915068298578262,-113.06799426674843,-55.11862174186738,-194.23711690356032,-64.16924479603767,1.4305114870438729e-09,0.05698084831237793,0.7056853,0.7729235093341301,0.2375028133392334,-81.85677033960819,-0.24672496,10,0.02991506972908975,126,15.383250464418454,0.006729882676154375,0.66725266,0.00774073600769043,32.15825533866882,0.04351234436035156
0.0,-5.0855937,1.0639106,-0.78692687,2.8976805,-0.03959968313574791,-99.92535059154034,-52.57962301828381,-145.96328854376605,-65.47222901880741,1.0728835597717534e-09,0.05196380615234375,0.70115393,0.9329651904722098,0.23115301132202148,-78.69268614500761,-0.1452028,10,0.03959968420863147,127,11.103427283693549,0.006433282978832722,0.6536234,0.008555173873901367,32.397308588027954,0.050400733947753906
0.0,-5.090419,1.0634736,-0.93298435,2.8964145,-0.03225462883710861,-125.57937660813332,-65.70795243541927,-215.1207123750688,-62.10907772183418,2.38418573772492e-09,0.05284428596496582,0.7008475,0.8728344641831858,0.23599720001220703,-93.2984349951148,-0.1696379,10,0.03225463122129435,128,23.47149567233638,0.006707261316478252,0.64808553,0.00811624526977539,32.64151167869568,0.048119544982910156
0.0,-4.0762405,1.0582846,-0.8200957,2.881424,-0.035807184875011444,-109.56928452849388,-55.70583510739688,-194.0188071050327,-64.23181402683258,4.649162388403738e-09,0.05699586868286133,0.6972202,0.8720295334130715,0.25191187858581543,-82.00957421660424,-0.28385064,10,0.03580718952417383,129,15.831937293515168,0.0067068664357066154,0.66143066,0.008499860763549805,32.902547121047974,0.052498579025268555
0.0,-4.8224235,1.0509607,-0.84140897,2.8603976,-0.03744925931096077,-114.67128351330757,-55.83680515600933,-136.4223259172778,-63.998614713549614,4.529952857268427e-09,0.05313515663146973,0.69213265,0.9612218474745369,0.23346209526062012,-84.1408974096179,-0.19914748,10,0.03744926384091363,130,13.623854622534193,0.009267562068998814,0.64928484,0.00793147087097168,33.14551568031311,0.05093693733215332
0.0,-3.26594,1.0491818,-0.8341829,2.855314,-0.026832249015569687,-115.15340733528137,-56.079598444881206,-176.72153860613716,-73.64758151769638,5.4836273299940785e-09,0.05611610412597656,0.6909024,0.9641712863052752,0.2502102851867676,-83.4182941943407,-0.2276816,10,0.026832254499197017,131,12.408900182110843,0.009522260166704655,0.66388184,0.009406805038452148,33.40568685531616,0.052828311920166016
0.0,-4.812936,1.0422056,-0.8293738,2.835464,-0.025448661297559738,-93.6967804133892,-54.437115238879414,-125.89594919443974,-70.39926229417324,7.3909758313561724e-09,0.0545198917388916,0.6860991,0.9444507156086295,0.23343682289123535,-82.93737667649984,-0.1495829,10,0.02544866868853557,132,8.132261117912135,0.006694353185594082,0.67832017,0.008245468139648438,33.65059161186218,0.04986977577209473
0.0,-3.2552218,1.0329573,-0.7888114,2.8093617,-0.03227771446108818,-91.26136972755194,-51.8405743549596,-158.56484791832656,-70.52829131484032,-3.218650901359865e-09,0.05556750297546387,0.6797835,0.9650951993001835,0.23140978813171387,-78.88114301580936,-0.021573925,10,0.03227771124243728,133,7.272023721673235,0.008559785783290863,0.6706722,0.008053064346313477,33.89007878303528,0.04870748519897461
0.0,-3.5349245,1.0246235,-0.8289613,2.7860463,-0.028078321367502213,-101.07491654157639,-56.4599835670301,-177.30108671848612,-66.4397309422493,5.4836273299940785e-09,0.05536508560180664,0.67414176,0.9573374481203621,0.23399639129638672,-82.89612893164158,-0.2912418,10,0.028078326851129543,134,11.15788247793818,0.008685917593538761,0.65139097,0.010977029800415039,34.13193225860596,0.048206329345703125
0.0,-5.1599436,1.0242293,-0.8199964,2.7849483,-0.032439008355140686,-103.11156779527664,-53.387522959820934,-164.11128006141774,-64.95633013546467,-9.298324776807476e-09,0.05132031440734863,0.6738761,0.9319947841306254,0.23375248908996582,-81.99964041560888,-0.15483008,10,0.03243899905681591,135,11.996443017480269,0.009709278121590614,0.6671134,0.007976770401000977,34.37569832801819,0.05032753944396973
0.0,-5.4305234,1.0199395,-0.8970852,2.7730272,-0.03325783833861351,-110.81959646940231,-61.60940830351527,-208.8694817343593,-64.47847478091717,-1.4305114870438729e-09,0.052019357681274414,0.6709916,0.9414417261104561,0.23227739334106445,-89.70852211862803,-0.24301897,10,0.03325783690810202,136,15.620009268656819,0.007141766604036093,0.65375865,0.008060693740844727,34.61672925949097,0.04848074913024902
0.0,-5.1563635,1.0095708,-0.8538876,2.744423,-0.03215324506163597,-106.09842285513878,-57.73954843907707,-124.40610026906757,-66.64399220049381,4.1127203864732564e-09,0.054326534271240234,0.66407,0.9494605023419027,0.24363923072814941,-85.38876464217901,-0.134913,10,0.03215324917435636,137,12.582058046038645,0.007135780528187752,0.6589148,0.008289813995361328,34.868996143341064,0.05061936378479004
0.0,-2.4614544,1.0098937,-0.76322204,2.745309,-0.07607582211494446,-84.95113530755043,-49.607056532727675,-160.03035166342755,-71.83601874113083,6.675720420901143e-09,0.05228543281555176,0.6642846,0.913319692567044,0.2264268398284912,-76.32220578938723,-0.06449631,10,0.07607582879066488,138,3.6038227478327873,0.009904756210744381,0.6747757,0.00805807113647461,35.10430121421814,0.05037188529968262
0.0,-3.3542838,1.0156573,-0.7698159,2.7611778,-0.05596638470888138,-102.55370905995369,-50.07421209772904,-156.79120067535112,-63.92286366224289,-1.9133091555545434e-08,0.052575111389160156,0.66812414,0.9343462048092364,0.23146462440490723,-76.98159154951573,-0.13704927,10,0.05596636557578982,139,9.62064515098651,0.00986475870013237,0.67211455,0.007924318313598633,35.34352445602417,0.04908275604248047
0.0,-3.3895705,1.016016,-0.91084045,2.7621684,-0.029222244396805763,-121.42231529951096,-62.6955279418072,-198.52564502213275,-69.37595733255148,1.907348723406699e-09,0.051171064376831055,0.66836387,0.8396982179653393,0.22615480422973633,-91.0840452261269,-0.08860042,10,0.029222246304154487,140,17.1194879423453,0.0066174836829304695,0.63130426,0.008002281188964844,35.57830286026001,0.049211978912353516
0.0,-3.7693326,1.018507,-0.8394877,2.7690575,-0.04946814849972725,-109.04379999637604,-57.57793298980514,-188.42755868471792,-60.278938382864,-5.4836273299940785e-09,0.05443525314331055,0.6700309,0.9210990564117709,0.23408913612365723,-83.94876421689987,-0.14431448,10,0.04946814301609992,141,13.475200038912654,0.009770886972546577,0.6664536,0.008000612258911133,35.82286882400513,0.04672741889953613
0.0,-4.5713162,1.0291364,-0.8101243,2.7986479,-0.021373501047492027,-117.54648473858833,-55.72100869816312,-200.86480320868594,-55.87078708410263,1.6689301052252858e-09,0.06559300422668457,0.67719084,0.931415094768481,0.24306035041809082,-81.01242282986641,-0.30232257,10,0.021373502716422133,142,17.436511859191565,0.008102438412606716,0.67565405,0.009304046630859375,36.08191394805908,0.04465746879577637
0.0,-3.7419167,1.0098811,-0.8115375,2.7452748,-0.03147939220070839,-101.82670474052429,-55.7395603512292,-210.69633597094867,-58.841222658753395,4.291534239087014e-09,0.050820350646972656,0.6642762,0.9388204645440583,0.24712514877319336,-81.15374971181154,-0.14751807,10,0.03147939649224263,143,13.16076646333837,0.006796130444854498,0.66856265,0.007538557052612305,36.337461948394775,0.05131936073303223
0.0,-3.2429025,1.0027467,-0.97435373,2.7257583,-0.020855670794844627,-147.66267877817154,-62.46498800502086,-255.6227112495607,-48.75253900885582,1.1682510070443186e-08,0.0632777214050293,0.65955365,0.4424981762400353,0.2510802745819092,-97.43537363559008,-0.034566805,10,0.020855682477354698,144,34.42768913191242,0.006403396837413311,0.6523265,0.008087873458862305,36.606162309646606,0.04703068733215332
0.0,-2.2469747,1.0035638,-0.7430541,2.7279863,-0.019894443452358246,-79.97975787520409,-48.74951226587153,-146.98714716288615,-67.17999133467674,3.814697446813398e-09,0.06464791297912598,0.6600928,0.5793091803747785,0.2601492404937744,-74.30541054308415,-0.2371586,10,0.019894447267055693,145,4.031066754883683,0.006479359697550535,0.683733,0.011151552200317383,36.87733817100525,0.05250835418701172
0.0,-2.4138706,1.0029467,-0.7540404,2.7263038,-0.03163040429353714,-94.9797933101654,-49.95556654336433,-171.3208452155678,-66.80264270305634,2.145767119543507e-09,0.05669832229614258,0.65968555,0.9349834739412121,0.24527502059936523,-75.40404095351695,-0.26039013,10,0.03163040643930426,146,9.382559673620738,0.00975088495761156,0.6773235,0.008430004119873047,37.132020235061646,0.047231197357177734
0.0,-2.7060797,1.0084124,-0.7562461,2.7412455,-0.04300753027200699,-86.29886186122894,-48.94824116129106,-162.0566255576434,-67.5174477994442,-1.4543533488620142e-08,0.06136345863342285,0.66330117,0.9646019529298016,0.2581138610839844,-75.62461456954479,-0.3072054,10,0.0430075157284735,147,6.379901471809996,0.009308717213571072,0.67329085,0.009270429611206055,37.40006947517395,0.05010652542114258
0.0,-3.2405305,1.0050956,-0.8421285,2.7321684,-0.022697655484080315,-136.2398920059204,-54.70342413153135,-186.51436027971434,-64.48832899332047,3.4570692974966732e-09,0.05144357681274414,0.66110474,0.6949545143554665,0.23308920860290527,-84.2128591120243,-0.2759229,10,0.022697658941149612,148,21.877990486041803,0.00991611648350954,0.6559724,0.007848024368286133,37.642459869384766,0.05174708366394043
0.0,-2.9332917,0.9973047,-0.8127772,2.7109652,-0.032367508858442307,-117.0691968202591,-53.894954263417446,-226.36094631160796,-67.04691842198372,7.1525572131747595e-09,0.05440044403076172,0.65597415,0.5600358187573791,0.24003028869628906,-81.2777231425047,-0.22704892,10,0.03236751601099952,149,15.553751181479104,0.008540918119251728,0.66039884,0.008143424987792969,37.890299558639526,0.05285501480102539
0.0,-2.9434736,1.0077116,-0.79827416,2.7393253,-0.025499138981103897,-127.40364104509354,-51.51523518302065,-170.58780150574384,-68.61285375058651,-2.789497344224401e-08,0.05542731285095215,0.66283673,0.7430970564023495,0.23319530487060547,-79.82741665095091,-0.16843957,10,0.025499111086130455,150,16.4479193029155,0.009399792179465294,0.6672377,0.008122682571411133,38.13137650489807,0.04811263084411621
0.0,-2.259923,1.0154676,-0.7407567,2.7606542,-0.045810237526893616,-94.17282643914223,-48.05684937714221,-139.26291185375675,-67.6924764290452,5.9604643443123e-10,0.057088375091552734,0.6679974,0.9024858537881534,0.23184418678283691,-74.07567495927215,-0.12366002,10,0.04581023812294005,151,7.992622888436635,0.007631894666701555,0.67935157,0.008133888244628906,38.37127065658569,0.04944014549255371
0.0,-2.154869,1.0194209,-0.8135339,2.7715893,-0.02634570188820362,-118.21153402328491,-51.90356232529056,-157.93274085900137,-70.16337352991104,3.3378602104505717e-09,0.052788496017456055,0.6706435,0.8112030664415133,0.240478515625,-81.35338796973228,-0.2365365,10,0.02634570522606383,152,12.916707579517075,0.0068582696840167046,0.67486763,0.008324861526489258,38.619547843933105,0.05112648010253906
0.0,-2.5203068,1.0077295,-0.7847157,2.7393744,-0.03935087472200394,-98.11477339267731,-51.286057297634805,-177.00898770339205,-68.31397318840027,-2.449750979849341e-08,0.05256390571594238,0.6628485,0.7882797625747129,0.23025012016296387,-78.47157499119639,-0.123431526,10,0.03935085022449414,153,10.315994649088008,0.00981355644762516,0.67225784,0.008047103881835938,38.85792541503906,0.05006814002990723
0.0,-2.3086815,1.0037363,-0.79165,2.728457,-0.03127973899245262,-87.05444025993347,-51.144833447336126,-135.88120807219485,-65.43375591933727,-5.9604643443123e-10,0.05328488349914551,0.6602067,0.9591745174489235,0.23913216590881348,-79.16500020325184,-0.14921331,10,0.03127973839640619,154,6.688152335364283,0.009811845608055592,0.6749003,0.007940292358398438,39.10626244544983,0.05066990852355957
0.0,-3.100814,0.9975321,-0.8748202,2.7115817,-0.02510603703558445,-117.36439841985703,-59.359103166931334,-235.2979242823173,-64.547423183918,-2.3841859042583735e-10,0.05498075485229492,0.6561235,0.7682211153759014,0.2537856101989746,-87.4820195198059,-0.29210767,10,0.02510603679716586,155,19.468142505909327,0.0064863283187150955,0.65899473,0.008211374282836914,39.372053384780884,0.05112409591674805
0.0,-2.71417,0.9831647,-0.7653688,2.6729019,-0.01847190409898758,-83.8731849193573,-49.7081273045701,-150.5722311072164,-72.89357024431229,-1.4305114870438729e-09,0.05210614204406738,0.6467639,0.8720494239073918,0.2598106861114502,-76.53688880503178,-0.25457117,10,0.018471902668476092,156,3.219113637799993,0.006451793480664492,0.66611147,0.008014440536499023,39.644089698791504,0.05156278610229492
0.0,-3.294623,0.9769545,-0.7843584,2.656354,-0.04066650569438934,-92.41790291666985,-51.56684872337954,-189.75008377993873,-68.76271307468414,-1.4305114870438729e-09,0.05530285835266113,0.64276004,0.9719355155940487,0.22672605514526367,-78.43584108352661,-0.14145106,10,0.040666504263877856,157,7.6704596768571545,0.009984973818063736,0.6744692,0.0074312686920166016,39.89081573486328,0.04400324821472168
0.0,-2.5019891,0.97592044,-0.76547766,2.6536086,-0.038090284913778305,-107.15028142929077,-50.312573607214446,-163.60619116103072,-59.78002481162548,-3.0994415922691587e-09,0.05337882041931152,0.6420955,0.8605432017826017,0.24112558364868164,-76.54776849374176,-0.10689541,10,0.03809028181433671,158,12.426959426795428,0.009934566915035248,0.6696254,0.008013010025024414,40.14176058769226,0.04755663871765137
0.0,-2.4952204,0.98292136,-0.7972819,2.6722515,-0.03444291278719902,-85.46422731876373,-51.429658921910026,-122.8722816192022,-67.82063491642475,4.768371808516747e-10,0.05215764045715332,0.6466065,0.9702415957278859,0.230133056640625,-79.72819111347198,-0.2067058,10,0.0344429132640362,159,5.350115969414257,0.008464465849101543,0.65797454,0.00774836540222168,40.383336305618286,0.04762578010559082
0.0,-2.377255,0.9789219,-0.7620841,2.6615853,-0.030188458040356636,-83.23762011528015,-49.91778113557152,-175.39320114041888,-67.97705048322678,8.82148754044465e-09,0.05951404571533203,0.64402574,0.9786804073069975,0.24330949783325195,-76.20840661674738,-0.19961493,10,0.030188466861844176,160,5.376832451470498,0.009511281736195087,0.68066233,0.007955789566040039,40.63471031188965,0.04831337928771973
0.0,-2.8373218,1.0108193,-0.772646,2.7478514,-0.02982487343251705,-92.99485412240028,-50.485177832889214,-154.23628957438828,-68.71238082647324,-7.629394893626795e-09,0.05547690391540527,0.66489965,0.9702193641814352,0.24131441116333008,-77.26460107602179,-0.0517889,10,0.029824865803122158,161,7.271136750893805,0.006720987614244223,0.6810365,0.007873296737670898,40.88442134857178,0.04754018783569336
0.0,-2.5686402,1.0037181,-0.77225137,2.7284076,-0.03857453539967537,-86.60859555006027,-51.030321632039126,-161.48675211345352,-63.712722569704056,-0.0,0.052817583084106445,0.6601947,0.9655902094762704,0.2272171974182129,-77.22513907849789,-0.20768484,10,0.03857453539967537,162,8.037552684057697,0.009864944033324718,0.6703743,0.007858514785766602,41.120325565338135,0.047310829162597656
0.0,-2.6777937,1.0088502,-0.7910892,2.742446,-0.03647889569401741,-91.71972167491913,-52.89423287494179,-162.5210009069755,-60.78306810557842,8.583068478174027e-09,0.05273175239562988,0.6635918,0.9622952491225667,0.23676586151123047,-79.10891734957696,-0.20659204,10,0.03647890427708589,163,9.740338446211569,0.008899922482669353,0.6723665,0.009401798248291016,41.36493706703186,0.04996895790100098
0.0,-2.0949228,1.0084639,-0.7765819,2.7413867,-0.03548181802034378,-94.10246297717094,-50.85897640875312,-177.0955943978398,-66.19725999236107,-2.80141820852009e-09,0.05343151092529297,0.66333544,0.9441981033586911,0.25203585624694824,-77.65819398313761,-0.18407156,10,0.03548181521892557,164,8.292433429708561,0.006994970142841339,0.67056113,0.00801396369934082,41.62497425079346,0.04981637001037598
0.0,-1.6800357,1.0073919,-0.7471088,2.7384496,-0.029298676177859306,-82.57256153225899,-47.80552939353687,-135.29560206327614,-70.13588428497314,2.3841859042583735e-10,0.0575563907623291,0.66262466,0.981045185008304,0.23202848434448242,-74.71088575348259,-0.115815885,10,0.029298676416277897,165,3.7068348728151417,0.006716487463563681,0.68388534,0.007421731948852539,41.87522649765015,0.043416500091552734
0.0,-1.7478293,1.0080471,-0.7815906,2.7402444,-0.020853793248534203,-91.53802889585495,-49.693948318401866,-111.95760591521389,-63.19678358733654,3.3378602104505717e-09,0.052561044692993164,0.66305894,0.9639430773687415,0.2340245246887207,-78.15906159728766,-0.19724439,10,0.020853796586394413,166,7.268889805452315,0.00662064366042614,0.6802547,0.007865667343139648,42.11846089363098,0.05243277549743652
0.0,-2.159098,1.0005877,-0.7811814,2.7198799,-0.03162650391459465,-91.8472980260849,-50.16820269582271,-151.11703988723747,-72.13029703497887,-1.9788741312254388e-08,0.0531620979309082,0.65813154,0.9605372145816504,0.229539155960083,-78.11814202666282,-0.25028512,10,0.03162648412585334,167,5.760924035808437,0.00648212805390358,0.666553,0.00797724723815918,42.355769634246826,0.04810309410095215
0.0,-2.545965,1.0077009,-0.7662307,2.739296,-0.02931089699268341,-86.80650800466537,-50.80812887448326,-153.08388230069548,-58.84484462440014,-5.125999624766564e-09,0.051935434341430664,0.66282934,0.9452502801710342,0.25112032890319824,-76.62307370305061,-0.19603066,10,0.029310891866683786,168,8.838578771254923,0.009687963873147964,0.6739218,0.008128881454467773,42.614975690841675,0.05059552192687988
0.0,-1.9330734,1.0016823,-0.7571698,2.7228587,-0.0197571013122797,-91.12613779306412,-48.84107512186388,-171.91422875937005,-62.78117360174656,2.0265580324974053e-09,0.0627591609954834,0.658852,0.9595261617033151,0.22797369956970215,-75.71698158532381,-0.17794658,10,0.019757103338837734,169,8.40595402624106,0.009315208531916142,0.6784159,0.007430076599121094,42.859418630599976,0.04334831237792969
0.0,-1.7594038,1.0017966,-0.766841,2.7231698,-0.04214128106832504,-83.53966921567917,-49.10624230872597,-123.8672589792751,-69.44944268465042,4.529952857268427e-09,0.06346893310546875,0.6589273,0.9735632130446898,0.2476799488067627,-76.68410106748343,-0.19400743,10,0.0421412855982779,170,4.515037460047561,0.00976339541375637,0.66954374,0.0076982975006103516,43.11657738685608,0.048480987548828125
0.0,-2.163526,1.0193976,-0.7695761,2.7715247,-0.03036615252494812,-83.70626890659332,-49.08606898764763,-158.39851709056012,-69.90176419913769,-6.675720420901143e-09,0.06358027458190918,0.6706277,0.9851967887323315,0.23594903945922852,-76.95760436952114,-0.1352357,10,0.0303661458492277,171,3.833048568730744,0.007591824047267437,0.6652949,0.007418632507324219,43.371644020080566,0.04315829277038574
0.0,-2.3723032,1.0163344,-0.776398,2.763048,-0.04253533110022545,-83.9052863419056,-50.171889946287834,-147.90994260129597,-72.78761801123619,7.152557435219364e-10,0.05989217758178711,0.66857654,0.9794464475936897,0.23003482818603516,-77.63979890942574,-0.33188012,10,0.04253533181548119,172,3.821350854103124,0.008992331102490425,0.6705834,0.007784366607666016,43.611037492752075,0.046688079833984375
0.0,-2.4132237,1.0274211,-0.8012009,2.7938516,-0.022603625431656837,-100.07064855098724,-52.137712294827416,-154.83147689681405,-66.03637347370386,-1.0728835597717534e-09,0.05314159393310547,0.6760302,0.9351813407390989,0.24240446090698242,-80.120091316849,-0.12016659,10,0.022603624358773278,173,10.838192895790005,0.006665351334959269,0.66202265,0.00818634033203125,43.86140537261963,0.04893064498901367
0.0,-1.8071035,1.0139114,-0.72816247,2.756361,-0.03896421939134598,-79.34651747345924,-46.305336421343426,-113.93627745967603,-68.97069871425629,9.298324776807476e-09,0.06796050071716309,0.66695875,0.9432645735555714,0.24169635772705078,-72.81624515205621,-0.18525249,10,0.038964228689670755,174,2.8006702637594985,0.009913377463817596,0.6879588,0.007819890975952148,44.110790491104126,0.04509377479553223
0.0,-2.6628907,1.0172174,-0.79407406,2.7654889,-0.03340931609272957,-100.22785723209381,-53.433274344482754,-186.16339216556577,-64.64302662014961,3.3378602104505717e-09,0.05746293067932129,0.66916716,0.9179354217870879,0.24844813346862793,-79.40740081965923,-0.24525797,10,0.03340931943058978,175,10.673244215245216,0.009727008640766144,0.68096733,0.007790088653564453,44.367295265197754,0.048543453216552734
0.0,-2.636733,1.014413,-0.7526387,2.757744,-0.030622439458966255,-92.07227861881256,-50.439683683131406,-202.59150167826937,-65.22476291656494,-6.43730180271973e-09,0.06009173393249512,0.6672934,0.939603610329449,0.25037336349487305,-75.26386853158473,-0.3228081,10,0.030622433021664452,176,8.885403594323922,0.009841358289122581,0.6746194,0.007336616516113281,44.63559365272522,0.04292798042297363
0.0,-2.3577673,1.0157716,-0.7569994,2.7614934,-0.03301394358277321,-82.93458294868469,-49.12769713554895,-126.34158345910903,-59.785143971443176,3.218650901359865e-09,0.06695747375488281,0.66820043,0.9761747255970451,0.23120784759521484,-75.69994030892849,-0.16493982,10,0.03301394680142411,177,6.729201172547064,0.00667842011898756,0.6782703,0.007728099822998047,44.874573945999146,0.04291248321533203
0.0,-2.1209617,1.0022858,-0.81272167,2.7245026,-0.016466716304421425,-95.03432160615921,-53.45097989952834,-171.78919669015153,-56.41022813692689,1.19209286886246e-09,0.053286075592041016,0.6592499,0.9027688572068869,0.22493529319763184,-81.27217219807207,-0.041514974,10,0.016466717496514294,178,9.966554384235053,0.009634584188461304,0.65804344,0.00812387466430664,45.107702016830444,0.04888439178466797
0.0,-4.164805,1.0013276,-1.1917677,2.721893,-0.027035094797611237,-217.94706577062607,-74.99876211968163,-275.002427357356,-50.34324371814728,6.675720420901143e-09,0.054549217224121094,0.6586185,0.12476196060905509,0.2355959415435791,-119.17677218019962,-0.26297137,10,0.027035101473331657,179,70.07704515780114,0.009205427952110767,0.63837373,0.008353948593139648,45.35133194923401,0.0503237247467041
0.0,-3.6341357,1.0118227,-0.98814064,2.7506099,-0.030113274231553078,-190.6607249379158,-67.7725889075372,-307.419633473878,-63.53473123908043,-5.18560394624501e-09,0.054845571517944336,0.6655671,0.30047782733652284,0.26038217544555664,-98.8140612244606,-0.30420482,10,0.03011326904594913,180,35.026672037784266,0.006610827054828405,0.6461802,0.008561849594116211,45.61977458000183,0.05092310905456543
0.0,-3.5560417,1.0049952,-0.76521754,2.7318943,-0.03307228907942772,-98.66389793157578,-51.14512107052816,-172.72143839831938,-64.03811621665955,-4.291534239087014e-09,0.05305171012878418,0.66103846,0.5486872254366892,0.2437584400177002,-76.52175149321556,-0.28698996,10,0.03307228478789348,181,12.219716202360551,0.006418274715542793,0.6906126,0.00784611701965332,45.87201404571533,0.04835247993469238
0.0,-2.786732,1.0071526,-0.7938403,2.7377942,-0.02424290031194687,-132.49608519673347,-50.491231075750264,-179.31389127754917,-65.87160786986351,6.556510889765832e-09,0.05389904975891113,0.66246605,0.64587427703939,0.24822545051574707,-79.3840257421136,-0.23207091,10,0.02424290686845776,182,18.945285050868073,0.00647463696077466,0.66513276,0.007817506790161133,46.12831902503967,0.047475337982177734
0.0,-5.665144,1.0007123,-1.3904914,2.7202187,-0.021103546023368835,-277.16946506500244,-84.08403949880605,-255.72971660416084,-49.27780058979988,4.291534239087014e-09,0.050538063049316406,0.65821326,0.31418974327539706,0.22188878059387207,-139.04914462566376,-0.25897756,10,0.021103550314903075,183,98.01194537748944,0.0094170942902565,0.6013977,0.009566068649291992,46.369635343551636,0.04523277282714844
0.0,-2.565236,1.0021479,-0.7662213,2.7241268,-0.026386870071291924,-84.77399018406868,-50.495734365248275,-167.61497216717157,-68.02724874019623,-3.814697446813398e-09,0.05559396743774414,0.65915906,-1.5006296463818334,0.25731754302978516,-76.6221295505762,-0.21153346,10,0.026386866256594477,184,5.054698207389761,0.006707094144076109,0.6905269,0.008037090301513672,46.635881185531616,0.04790043830871582
0.0,-2.9651792,1.0037785,-0.8456592,2.7285721,-0.024268044158816338,-116.15222188830376,-58.006377238215165,-235.4267235174152,-58.69591626524925,-1.2159347306806012e-08,0.0579531192779541,0.6602345,0.7970313119479036,0.22792696952819824,-84.56591535210609,-0.27585614,10,0.02426803199946903,185,17.92940363986581,0.009209858253598213,0.6592305,0.007491111755371094,46.883155822753906,0.043733835220336914
0.0,-2.5997014,1.0313855,-0.80360717,2.8049495,-0.03385289013385773,-91.83919763565063,-51.60262238429798,-160.54024132213914,-71.8586705327034,-9.536743617033494e-10,0.05635261535644531,0.67871577,0.9070370312271145,0.22450995445251465,-80.36071357280017,-0.2062638,10,0.033852889180183365,186,6.731018881231246,0.007580706384032965,0.68211454,0.007750034332275391,47.116190671920776,0.04965329170227051
0.0,-2.573676,1.0315276,-0.7793253,2.8053482,-0.028295036405324936,-84.02338403463364,-51.47453474721209,-147.24337758549026,-70.83716613054276,9.536743617033494e-10,0.05607795715332031,0.6788121,0.9824642566757413,0.24385428428649902,-77.93253202438355,-0.15948123,10,0.028295037358999298,187,4.7997501596331915,0.0065744840539991856,0.6679096,0.007859468460083008,47.367170333862305,0.04669356346130371
0.0,-3.727107,1.0302163,-0.7877198,2.801672,-0.03002970479428768,-94.36093118786812,-52.6518346306086,-166.25321756705094,-65.16889759898186,-9.417534307942788e-09,0.05134272575378418,0.67792255,0.950004901512845,0.23108601570129395,-78.77197478711605,-0.2574945,10,0.030029695376753374,188,10.788070419837695,0.006608502008020878,0.67162055,0.007831811904907227,47.608946084976196,0.047766685485839844
0.0,-2.3784707,1.0155385,-0.7743749,2.7608495,-0.017240451648831367,-147.77998650074005,-50.686345842185595,-140.4036205375187,-59.40437489748001,-2.4437905032925755e-09,0.0544886589050293,0.668045,0.6816553190748383,0.25587916374206543,-77.43749111890793,-0.23840699,10,0.017240449205040864,189,24.79854255396948,0.007014879025518894,0.6621916,0.00826263427734375,47.877928733825684,0.05191445350646973
0.0,-1.2758179,1.0079775,-0.74549204,2.7400537,-0.02927018702030182,-84.03725320100784,-46.5520529336395,-115.15832899272485,-67.09278842806816,-0.0,0.05606651306152344,0.6630128,0.8298715616004944,0.2298116683959961,-74.54920273646712,-0.10119202,10,0.02927018702030182,190,5.328165467881005,0.006905263755470514,0.6698992,0.007513284683227539,48.11598324775696,0.045708417892456055
0.0,-2.673878,1.0083276,-0.7523479,2.741013,-0.026327291503548622,-82.9085065126419,-48.90094540341452,-148.14791003700057,-65.25555297732353,7.152557435219364e-10,0.05268096923828125,0.6632452,0.9456067156762834,0.2293684482574463,-75.23478821963072,-0.23888597,10,0.026327292218804366,191,5.714164486634218,0.0064229038543999195,0.6651828,0.007843971252441406,48.35714292526245,0.0499119758605957
0.0,-2.3122635,1.0130502,-0.7457049,2.7539885,-0.03559933975338936,-84.04297150671482,-49.39699580233703,-161.56184797244958,-60.46565555036068,3.814697446813398e-09,0.05344414710998535,0.66638464,0.9547955694241042,0.23382353782653809,-74.57049013078213,-0.16169935,10,0.035599343568086805,192,7.2247816586560525,0.007116134278476238,0.66015,0.008362293243408203,48.59916424751282,0.04991936683654785
0.0,-2.9213812,1.0115033,-0.815089,2.7497318,-0.03439820557832718,-98.0722990334034,-54.14300511399067,-145.24615625295536,-64.82157205045223,-1.907348723406699e-09,0.054473161697387695,0.66535467,0.9154907077898492,0.2426438331604004,-81.508904568851,-0.23262082,10,0.034398203670978456,193,11.680145488291993,0.007027286104857922,0.6525478,0.010323762893676758,48.85094857215881,0.05061483383178711
0.0,-3.095106,1.0060471,-0.77685106,2.7347693,-0.0365661159157753,-101.65684181451797,-51.42404811905908,-172.69161704812524,-66.26372629404068,-0.0,0.053743600845336914,0.66173416,0.9252460854945133,0.25946736335754395,-77.68510828912258,-0.3356977,10,0.0365661159157753,194,11.256996248777284,0.0067602526396512985,0.6848968,0.010368585586547852,49.11866474151611,0.0481414794921875
0.0,-2.322951,1.0013477,-0.7720061,2.7219477,-0.05204758420586586,-96.78183391690254,-51.09340487488539,-179.43561365768306,-65.23191532492638,-1.1920929521291868e-10,0.05917167663574219,0.65863174,0.9508617761271594,0.22965025901794434,-77.2006117746234,-0.1715889,10,0.052047584086656565,195,9.763173960881861,0.009436183609068394,0.6601127,0.0072557926177978516,49.36503720283508,0.041747331619262695
0.0,-2.2345603,0.999048,-0.77616346,2.7156951,-0.03325239196419716,-88.95481690764427,-50.36149534784817,-152.11833329951432,-71.62043160200119,1.7166136956348055e-08,0.05208587646484375,0.6571187,0.9822750952312873,0.24883031845092773,-77.61635036468506,-0.27361912,10,0.033252409130334115,196,6.265151153272177,0.008899576030671597,0.6826581,0.007975101470947266,49.622692584991455,0.05047035217285156
0.0,-1.8910092,1.0034629,-0.7761536,2.7277112,-0.038861218839883804,-89.98981446027756,-49.53780599816287,-135.3531149433145,-73.03855675458908,-2.38418573772492e-09,0.06242227554321289,0.66002643,0.9839650491485644,0.23528218269348145,-77.61536072492599,-0.15690297,10,0.03886121645569807,197,4.575884215177053,0.009264430962502956,0.6689047,0.007498741149902344,49.87489032745361,0.044304847717285156
0.0,-2.0403378,1.0041065,-0.77623683,2.7294674,-0.031045204028487206,-88.19371983408928,-50.49368291904957,-158.94369104679083,-62.66616725921631,-2.6226043559063328e-09,0.05222439765930176,0.6604513,0.9716372617648468,0.23625779151916504,-77.62368397116661,-0.26919022,10,0.03104520140588285,198,7.748047081341689,0.00727623188868165,0.6533127,0.010422945022583008,50.12095785140991,0.04850935935974121
0.0,-2.248349,0.9963357,-0.74827725,2.7083395,-0.041916534304618835,-81.71813714504242,-48.08646480628512,-172.7561033549598,-68.64477461576462,-4.768371808516747e-10,0.05292367935180664,0.6553389,0.9749977852387893,0.23851346969604492,-74.8277169317007,-0.23325892,10,0.041916533827781655,199,3.4110653120530325,0.0066693504340946674,0.6768407,0.008128643035888672,50.3688485622406,0.04987049102783203
